{"name": 0, "age": 14, "income": 16330, "sex": 0, "expenses": 7479.679287945704, "date_of_join": "2006-04-08 00:00:00", "credit_rating": 362, "intended_investment": 2677.99739852015, "children": 0, "education": 2}